[{"nombre":"Angela","apellido":"Amato","correo":"in.sodales@Duis.com"},{"nombre":"Adonis","apellido":"Poli","correo":"adipiscing.elit.Curabitur@ullamcorper.org"},{"nombre":"Alessandro","apellido":"Bravo","correo":"ligula@sempereratin.com"},{"nombre":"Noemí","apellido":"Farías","correo":"vel.quam.dignissim@sitametmetus.org"},{"nombre":"Aylen","apellido":"Gallo","correo":"nulla.at@gmail.com"},{"nombre":"Serena","apellido":"Martinelli","correo":"dui.Suspendisse@hotmail.com"},{"nombre":"Aldo","apellido":"Ferretti","correo":"elit.pellentesque@placerategetvenenatis.net"},{"nombre":"Alessio","apellido":"Giuliani","correo":"euismod.in@orciUtsemper.edu"},{"nombre":"Yastin","apellido":"Carrasco","correo":"felis.orci.adipiscing@hotmail.com"},{"nombre":"Serena","apellido":"Guidi","correo":"arcu.Curabitur.ut@Sedeu.net"},{"nombre":"Davide","apellido":"González","correo":"ligula.eu.enim@Integersem.net"},{"nombre":"Leonardo","apellido":"Marchi","correo":"ut@faucibusleoin.com"},{"nombre":"Alice","apellido":"Marchetti","correo":"enim.commodo.hendrerit@dapibusligulaAliquam.com"},{"nombre":"Yostin","apellido":"Rizzi","correo":"interdum.ligula@hotmail.com"},{"nombre":"Nicola","apellido":"Ortega","correo":"neque.Nullam.nisl@gmail.com"},{"nombre":"Elisa","apellido":"Pepe","correo":"Sed@Sedneque.org"},{"nombre":"Mario","apellido":"Conti","correo":"sodales.Mauris.blandit@fringillami.org"},{"nombre":"Gadiel","apellido":"Ortiz","correo":"tincidunt.orci.quis@gmail.com"},{"nombre":"Masiel","apellido":"Mele","correo":"turpis.non.enim@augueac.org"},{"nombre":"Yeray","apellido":"Marchetti","correo":"rutrum.eu@Duiscursusdiam.edu"},{"nombre":"Maximo","apellido":"Fumagalli","correo":"est@quispede.edu"},{"nombre":"Liset","apellido":"Riva","correo":"ante@vitaealiquet.edu"},{"nombre":"Yennifer","apellido":"Jiménez","correo":"dui.lectus@hotmail.com"},{"nombre":"Vaithiare","apellido":"Rojas","correo":"Ut.tincidunt.vehicula@gmail.com"},{"nombre":"Tamar","apellido":"Alvarado","correo":"eu.sem@hotmail.com"},{"nombre":"Britany","apellido":"Martinelli","correo":"semper.egestas.urna@dui.net"},{"nombre":"Armando","apellido":"Riquelme","correo":"rutrum@hotmail.com"},{"nombre":"Matilde","apellido":"Bruno","correo":"ac.libero.nec@Nullam.net"},{"nombre":"Daniele","apellido":"Campos","correo":"egestas@hotmail.com"},{"nombre":"Marcial","apellido":"Rodríguez","correo":"magna@hotmail.com"},{"nombre":"Alessandra","apellido":"De Angelis","correo":"magnis@seddolorFusce.edu"},{"nombre":"Serena","apellido":"Colombo","correo":"Nunc@gmail.com"},{"nombre":"Dieter","apellido":"García","correo":"velit.in.aliquet@etrutrumeu.edu"},{"nombre":"Jenifer","apellido":"Mancini","correo":"mattis.semper.dui@gmail.com"},{"nombre":"Kevin","apellido":"Valdés","correo":"Sed.eget.lacus@arcuVestibulumut.edu"},{"nombre":"Gaia","apellido":"Antonelli","correo":"vestibulum.nec.euismod@adui.edu"},{"nombre":"Jhon","apellido":"Catalano","correo":"odio.Etiam.ligula@mauris.edu"},{"nombre":"Consuelo","apellido":"Alvarado","correo":"montes.nascetur@interdum.com"},{"nombre":"Claudia","apellido":"Fuentes","correo":"eget.tincidunt@blandit.net"},{"nombre":"Diego","apellido":"Serra","correo":"risus.Nunc.ac@gmail.com"},{"nombre":"Amaro","apellido":"Valentini","correo":"enim@pedeac.net"},{"nombre":"Josúe","apellido":"Milani","correo":"eget@gmail.com"},{"nombre":"Gianpaolo","apellido":"Monaco","correo":"In.tincidunt@hotmail.com"},{"nombre":"Emma","apellido":"Reyes","correo":"tincidunt.adipiscing.Mauris@Cumsociisnatoque.edu"},{"nombre":"Domenico","apellido":"Guerrero","correo":"mauris.ut@gmail.com"},{"nombre":"Mattia","apellido":"Pace","correo":"Etiam.ligula.tortor@InfaucibusMorbi.org"},{"nombre":"Jasmine","apellido":"Bustamante","correo":"amet.lorem.semper@gmail.com"},{"nombre":"Yeferson","apellido":"Carvajal","correo":"semper@telluseu.org"},{"nombre":"Yair","apellido":"Romero","correo":"egestas.blandit.Nam@Phasellus.com"},{"nombre":"Carmen","apellido":"Marchetti","correo":"accumsan.interdum@hotmail.com"},{"nombre":"Eleazar","apellido":"De Angelis","correo":"sed.sem@velitdui.net"},{"nombre":"Gaia","apellido":"Poblete","correo":"laoreet.libero.et@suscipitestac.com"},{"nombre":"Davide","apellido":"Giorgi","correo":"ultrices@aliquam.net"},{"nombre":"Manuel","apellido":"Ramírez","correo":"egestas@nondapibus.com"},{"nombre":"Francisco","apellido":"Mancini","correo":"Morbi.non@euultricessit.net"},{"nombre":"Mya","apellido":"Piazza","correo":"Nullam.nisl.Maecenas@gmail.com"},{"nombre":"Dalia","apellido":"Gentile","correo":"consequat@nisi.edu"},{"nombre":"Ashlie","apellido":"García","correo":"tempor.erat@acipsum.edu"},{"nombre":"Samuel","apellido":"Rossetti","correo":"est.Nunc@liberolacus.net"},{"nombre":"Francia","apellido":"Valente","correo":"gravida@consequatpurusMaecenas.org"},{"nombre":"Diego","apellido":"Salazar","correo":"Cum.sociis@massanonante.org"},{"nombre":"Yerko","apellido":"Fontana","correo":"lacinia.Sed.congue@lacinia.net"},{"nombre":"Juana","apellido":"Álvarez","correo":"ac.ipsum@gmail.com"},{"nombre":"Nahir","apellido":"Figueroa","correo":"mattis@aliquetdiamSed.com"},{"nombre":"Beatrice","apellido":"Vidal","correo":"elit.Nulla@hotmail.com"},{"nombre":"Michele","apellido":"Bravo","correo":"odio@nonsapien.com"},{"nombre":"Linda","apellido":"Serra","correo":"turpis.Aliquam@semegestas.com"},{"nombre":"Giuseppe","apellido":"Ricciardi","correo":"quam.vel.sapien@quam.edu"},{"nombre":"Eliel","apellido":"Pellegrini","correo":"amet.diam@sagittislobortis.net"},{"nombre":"Ilaria","apellido":"Henríquez","correo":"nec@volutpatNulla.edu"},{"nombre":"Giulietta","apellido":"Ferraro","correo":"tellus.non@consectetuermaurisid.edu"},{"nombre":"Noemi","apellido":"Poblete","correo":"non.lorem.vitae@hotmail.com"},{"nombre":"Alessio","apellido":"Moreno","correo":"eget.volutpat.ornare@Integereu.com"},{"nombre":"Samuele","apellido":"Ricciardi","correo":"arcu.ac@consectetuerrhoncus.com"},{"nombre":"Savka","apellido":"Ruggeri","correo":"non.feugiat@mi.edu"},{"nombre":"Francesca","apellido":"Guzmán","correo":"dignissim.Maecenas.ornare@gmail.com"},{"nombre":"Gianpaolo","apellido":"Villa","correo":"Vivamus.sit@hotmail.com"},{"nombre":"Giuseppe","apellido":"Hernández","correo":"enim.Suspendisse@gmail.com"},{"nombre":"Helen","apellido":"Lagos","correo":"arcu.Vestibulum@massalobortisultrices.net"},{"nombre":"Eluney","apellido":"Vitali","correo":"tincidunt@pretiumneque.net"},{"nombre":"Denis","apellido":"Castro","correo":"nibh@gmail.com"},{"nombre":"Alex","apellido":"Ortega","correo":"Praesent@ametconsectetueradipiscing.org"},{"nombre":"Valentina","apellido":"Sepúlveda","correo":"quis.urna@gmail.com"},{"nombre":"Antonia","apellido":"Pellegrini","correo":"ipsum@hotmail.com"},{"nombre":"Iann","apellido":"Maldonado","correo":"elementum.sem@quistristiqueac.com"},{"nombre":"Matteo","apellido":"Santini","correo":"ornare.libero.at@velitCras.org"},{"nombre":"Yohans","apellido":"Godoy","correo":"nec@gmail.com"},{"nombre":"Cristina","apellido":"Sartori","correo":"convallis@gmail.com"},{"nombre":"Adolfo","apellido":"Sánchez","correo":"Nunc.laoreet.lectus@malesuadafringillaest.org"},{"nombre":"Rachel","apellido":"Morelli","correo":"Nunc.mauris@gmail.com"},{"nombre":"Giulia","apellido":"Bustos","correo":"dui@hotmail.com"},{"nombre":"Irene","apellido":"Bernardi","correo":"vitae.purus.gravida@consectetuer.com"},{"nombre":"Augusto","apellido":"Sanna","correo":"consectetuer@Cras.edu"},{"nombre":"Christhian","apellido":"Fusco","correo":"aliquet.Proin@malesuadaut.org"},{"nombre":"Nicoletta","apellido":"Hernández","correo":"velit.Sed.malesuada@pellentesqueegetdictum.net"},{"nombre":"Katherina","apellido":"Farina","correo":"urna.suscipit.nonummy@gmail.com"},{"nombre":"Tobías","apellido":"Ferretti","correo":"lacus.varius@ultrices.edu"},{"nombre":"Giacomo","apellido":"Barbieri","correo":"Suspendisse.aliquet@justoPraesentluctus.edu"},{"nombre":"Mathyas","apellido":"Sorrentino","correo":"Aenean.sed@hotmail.com"},{"nombre":"Valerio","apellido":"Bustamante","correo":"ac@mauris.net"},{"nombre":"Isamar","apellido":"Pinna","correo":"dui.nec.tempus@facilisisSuspendisse.net"},{"nombre":"Anastassia","apellido":"Silvestri","correo":"id.erat.Etiam@auctornunc.net"},{"nombre":"Cristobal","apellido":"Ortiz","correo":"eu.augue@Maurisvestibulumneque.edu"},{"nombre":"Ivanna","apellido":"Mariani","correo":"Duis@hotmail.com"},{"nombre":"Luca","apellido":"Vidal","correo":"nunc@Praesent.com"},{"nombre":"Elisa","apellido":"Ruggiero","correo":"tristique@acfacilisisfacilisis.com"},{"nombre":"Marthyna","apellido":"Ricci","correo":"Cras@hotmail.com"},{"nombre":"Stefano","apellido":"Morales","correo":"tempor@hotmail.com"},{"nombre":"Edoardo","apellido":"De Santis","correo":"mi.felis.adipiscing@lacinia.edu"},{"nombre":"Rebecca","apellido":"Basile","correo":"tempus.lorem@ridiculusmusProin.edu"},{"nombre":"Jacopo","apellido":"Zúñiga","correo":"erat@Morbi.edu"},{"nombre":"Vincenzo","apellido":"Rodríguez","correo":"in.cursus@Nullamsuscipit.com"},{"nombre":"Eugenio","apellido":"Ramírez","correo":"sagittis@hotmail.com"},{"nombre":"Danae","apellido":"Zúñiga","correo":"ipsum.Suspendisse@hotmail.com"},{"nombre":"Antonio","apellido":"Molina","correo":"purus.Duis@hotmail.com"},{"nombre":"Eva","apellido":"Piazza","correo":"facilisis.non@utquamvel.net"},{"nombre":"Andy","apellido":"Silva","correo":"purus@gmail.com"},{"nombre":"Armando","apellido":"Marchetti","correo":"Nulla@hotmail.com"},{"nombre":"Elsa","apellido":"Lombardi","correo":"ullamcorper.Duis.at@gmail.com"},{"nombre":"Giovanni","apellido":"Morales","correo":"varius.ultrices@rhoncusProin.com"},{"nombre":"Alex","apellido":"Marra","correo":"amet.lorem@gmail.com"},{"nombre":"Tommaso","apellido":"Leiva","correo":"odio.semper@hotmail.com"},{"nombre":"Yosef","apellido":"Jara","correo":"dapibus.quam@miloremvehicula.edu"},{"nombre":"Roberta","apellido":"Pellegrino","correo":"lorem@velit.edu"},{"nombre":"Alberto","apellido":"Vidal","correo":"velit.Sed.malesuada@lobortis.edu"},{"nombre":"Robert","apellido":"Álvarez","correo":"massa.Suspendisse@scelerisquesedsapien.com"},{"nombre":"Michela","apellido":"Pagano","correo":"mollis.Duis.sit@hotmail.com"},{"nombre":"Erica","apellido":"Ruggiero","correo":"vitae.orci.Phasellus@gmail.com"},{"nombre":"Fátima","apellido":"Zúñiga","correo":"quis.diam@hotmail.com"},{"nombre":"Sandro","apellido":"Serra","correo":"feugiat@etmagnisdis.edu"},{"nombre":"Jesús","apellido":"Cortés","correo":"amet.ornare@gmail.com"},{"nombre":"Facundo","apellido":"Ortega","correo":"porttitor.scelerisque.neque@faucibusutnulla.edu"},{"nombre":"Mario","apellido":"Pastore","correo":"aliquet.diam@auctorveliteget.org"},{"nombre":"Savka","apellido":"Carrasco","correo":"viverra.Donec.tempus@Quisquefringillaeuismod.com"},{"nombre":"Riccardo","apellido":"Zúñiga","correo":"vitae.sodales.at@Duis.org"},{"nombre":"Esteban","apellido":"Toro","correo":"sem@utcursus.org"},{"nombre":"María","apellido":"Hernández","correo":"gravida.sagittis@hotmail.com"},{"nombre":"Arianna","apellido":"Brambilla","correo":"erat.volutpat.Nulla@hotmail.com"},{"nombre":"Sara","apellido":"Di Stefano","correo":"semper.rutrum@morbi.com"},{"nombre":"Lisa","apellido":"Castro","correo":"purus@etmalesuadafames.edu"},{"nombre":"Erica","apellido":"Silva","correo":"gravida@a.edu"},{"nombre":"Manuel","apellido":"Escobar","correo":"ac.mattis@arcuVestibulumante.com"},{"nombre":"Andrea","apellido":"Gutiérrez","correo":"Sed.eget@hotmail.com"},{"nombre":"Domenico","apellido":"Marra","correo":"Integer@hotmail.com"},{"nombre":"Martín","apellido":"Jiménez","correo":"dictum.eleifend@dolor.org"},{"nombre":"Lucio","apellido":"Colombo","correo":"et.magnis.dis@nonummyFusce.org"},{"nombre":"Karina","apellido":"Silvestri","correo":"tristique.ac@mauris.net"},{"nombre":"Serena","apellido":"Pérez","correo":"felis.adipiscing@nonenimcommodo.edu"},{"nombre":"Laura","apellido":"Marra","correo":"orci@rutrumurnanec.com"},{"nombre":"Aracelli","apellido":"Caputo","correo":"consectetuer.cursus.et@imperdietnecleo.edu"},{"nombre":"Gianpaolo","apellido":"Vega","correo":"malesuada@tempordiamdictum.org"},{"nombre":"Giulio","apellido":"Gargiulo","correo":"risus.Quisque@hotmail.com"},{"nombre":"Monica","apellido":"Sepúlveda","correo":"velit.eget.laoreet@consequatpurus.net"},{"nombre":"Davis","apellido":"Marra","correo":"pede.nonummy@dictum.edu"},{"nombre":"Margherita","apellido":"Reyes","correo":"elit.dictum@gmail.com"},{"nombre":"Cristiano","apellido":"Villani","correo":"eleifend.vitae@lacus.edu"},{"nombre":"Américo","apellido":"Marchi","correo":"ut@gmail.com"},{"nombre":"Debora","apellido":"Bianco","correo":"ultricies.dignissim.lacus@commodoipsum.com"},{"nombre":"Luccas","apellido":"Maldonado","correo":"amet.ante.Vivamus@hotmail.com"},{"nombre":"Debora","apellido":"Villani","correo":"Donec.sollicitudin@ac.edu"},{"nombre":"Vittoria","apellido":"Pérez","correo":"ultrices@mipede.com"},{"nombre":"Mirko","apellido":"Arena","correo":"eleifend.nec.malesuada@vitaeposuereat.edu"},{"nombre":"Aurora","apellido":"Bianco","correo":"vel.est@hotmail.com"},{"nombre":"Nair","apellido":"Marini","correo":"ornare@hotmail.com"},{"nombre":"Lorenzo","apellido":"Soto","correo":"quam@ipsum.com"},{"nombre":"Kiara","apellido":"Contreras","correo":"cursus@fermentumfermentum.net"},{"nombre":"Nancy","apellido":"Álvarez","correo":"ullamcorper.magna.Sed@nectellusNunc.com"},{"nombre":"Alessandro","apellido":"Mazza","correo":"leo.in@hotmail.com"},{"nombre":"Celeste","apellido":"Ramírez","correo":"In.faucibus.Morbi@ornaretortor.org"},{"nombre":"Crescente","apellido":"Farina","correo":"dolor.Fusce.mi@vitaeerat.net"},{"nombre":"Aracelly","apellido":"Ricciardi","correo":"ac.mattis.ornare@hendreritneque.com"},{"nombre":"Vanessa","apellido":"Valentini","correo":"dolor.Quisque@hotmail.com"},{"nombre":"Branko","apellido":"Proietti","correo":"commodo@a.org"},{"nombre":"Gamaliel","apellido":"Moreno","correo":"sed.pede@gmail.com"},{"nombre":"Jesus","apellido":"Vega","correo":"Aliquam.vulputate@sem.edu"},{"nombre":"Andrea","apellido":"Piccolo","correo":"erat@etarcu.net"},{"nombre":"Elba","apellido":"Riva","correo":"dictum@euarcu.com"},{"nombre":"Tobías","apellido":"Salazar","correo":"ultrices.Duis.volutpat@elementum.net"},{"nombre":"Massimo","apellido":"Moreno","correo":"in@sagittislobortismauris.net"},{"nombre":"Elisa","apellido":"Cáceres","correo":"Ut.nec@mauriselit.com"},{"nombre":"Madeleine","apellido":"Pellegrino","correo":"eu.metus.In@gmail.com"},{"nombre":"Pia","apellido":"Antonelli","correo":"Integer.eu@euismod.com"},{"nombre":"Giorgio","apellido":"Contreras","correo":"odio.Aliquam@sedduiFusce.com"},{"nombre":"Marthyna","apellido":"Rizzi","correo":"Nam.ac.nulla@sociis.edu"},{"nombre":"Thiara","apellido":"Ortiz","correo":"id@gmail.com"},{"nombre":"Nicole","apellido":"Colombo","correo":"diam.luctus.lobortis@hotmail.com"},{"nombre":"Eithan","apellido":"Leone","correo":"mi@gravidasagittisDuis.edu"},{"nombre":"Luca","apellido":"Lagos","correo":"odio.vel@dictummi.com"},{"nombre":"Renzo","apellido":"Mazza","correo":"augue@maurisSuspendisse.net"},{"nombre":"Sara","apellido":"Neri","correo":"tellus.id@hotmail.com"},{"nombre":"Giacomo","apellido":"Vitale","correo":"vitae.mauris.sit@aliquamenimnec.edu"},{"nombre":"Gianpaolo","apellido":"Álvarez","correo":"quis.urna.Nunc@semperrutrumFusce.com"},{"nombre":"Maxi","apellido":"Donati","correo":"Integer@Fusce.net"},{"nombre":"Cristiano","apellido":"Ferrari","correo":"velit@elementumpurusaccumsan.net"},{"nombre":"Scarlette","apellido":"Fiore","correo":"nonummy.ut.molestie@hotmail.com"},{"nombre":"Sabrina","apellido":"Lagos","correo":"ut@hotmail.com"},{"nombre":"Lara","apellido":"Yáñez","correo":"Curabitur.egestas@tempus.edu"},{"nombre":"Sabrina","apellido":"Miranda","correo":"non.enim.Mauris@hotmail.com"},{"nombre":"Bastián","apellido":"Contreras","correo":"Vestibulum.accumsan.neque@lorem.edu"},{"nombre":"Isis","apellido":"Vergara","correo":"Integer.vulputate.risus@egestasAliquam.com"},{"nombre":"Samuel","apellido":"González","correo":"Aenean.massa.Integer@hotmail.com"},{"nombre":"Erica","apellido":"Amato","correo":"Duis.sit@egestas.edu"},{"nombre":"Eduardo","apellido":"Ramírez","correo":"Suspendisse@purus.org"},{"nombre":"Manuela","apellido":"Rojas","correo":"id.erat.Etiam@idsapien.net"},{"nombre":"Emma","apellido":"Monti","correo":"nunc@cursusnonegestas.edu"},{"nombre":"Adela","apellido":"Henríquez","correo":"Integer@tempusnonlacinia.edu"},{"nombre":"Gianluca","apellido":"Giordano","correo":"Donec.at.arcu@ac.net"},{"nombre":"Arianna","apellido":"Perrone","correo":"sagittis@gmail.com"},{"nombre":"Andrés","apellido":"Santini","correo":"orci.Donec@tristique.edu"},{"nombre":"Alice","apellido":"Ferrante","correo":"pellentesque@Nunccommodo.net"},{"nombre":"Lisa","apellido":"Martínez","correo":"dui@hotmail.com"},{"nombre":"Francheska","apellido":"Pellegrino","correo":"semper@risus.net"},{"nombre":"Giuseppe","apellido":"Miranda","correo":"facilisis@velitegestas.edu"},{"nombre":"Vittoria","apellido":"Benedetti","correo":"scelerisque.neque.sed@sitametnulla.org"},{"nombre":"Francheska","apellido":"Guerrero","correo":"quis.tristique@malesuadaIntegerid.edu"},{"nombre":"Anna","apellido":"Fernández","correo":"natoque.penatibus@convallis.org"},{"nombre":"Aurora","apellido":"Calabrese","correo":"est.arcu@Sednuncest.net"},{"nombre":"Jhans","apellido":"Olivares","correo":"Vivamus.non.lorem@gmail.com"},{"nombre":"Paolo","apellido":"Mancini","correo":"vulputate.mauris@eleifend.com"},{"nombre":"Vincenzo","apellido":"Valdés","correo":"consectetuer.adipiscing@hotmail.com"},{"nombre":"Silvia","apellido":"Rinaldi","correo":"nisi.nibh.lacinia@hotmail.com"},{"nombre":"Matilde","apellido":"Marchi","correo":"penatibus@hotmail.com"},{"nombre":"Nicola","apellido":"Bruno","correo":"hendrerit.neque@hotmail.com"},{"nombre":"Nehemías","apellido":"Lombardo","correo":"Vestibulum@gmail.com"},{"nombre":"Alessia","apellido":"Monaco","correo":"bibendum.fermentum.metus@risusQuisquelibero.edu"},{"nombre":"Sara","apellido":"Vásquez","correo":"aliquet@nec.org"},{"nombre":"Scarlette","apellido":"Pérez","correo":"iaculis@mifelisadipiscing.org"},{"nombre":"Manuela","apellido":"Espinoza","correo":"dui@dictumPhasellusin.org"},{"nombre":"Giacomo","apellido":"Serra","correo":"vel@gmail.com"},{"nombre":"Daniele","apellido":"Rossi","correo":"at@hotmail.com"},{"nombre":"Roy","apellido":"Reyes","correo":"varius.et.euismod@VivamusrhoncusDonec.org"},{"nombre":"Deivi","apellido":"Costa","correo":"mus.Proin.vel@rhoncusDonec.net"},{"nombre":"Roberta","apellido":"Rodríguez","correo":"Mauris.eu.turpis@pharetraQuisqueac.com"},{"nombre":"Simona","apellido":"Navarrete","correo":"lobortis@magnaPhasellus.com"},{"nombre":"París","apellido":"Aguilera","correo":"at@gmail.com"},{"nombre":"Aurora","apellido":"Gallardo","correo":"rutrum.Fusce.dolor@idsapienCras.org"},{"nombre":"Didier","apellido":"Carbone","correo":"lobortis@gmail.com"},{"nombre":"Lucio","apellido":"Longo","correo":"posuere.at@acturpis.org"},{"nombre":"Lizbeth","apellido":"Cavallo","correo":"Vestibulum.ut@hotmail.com"},{"nombre":"Sigrid","apellido":"Ortega","correo":"Vestibulum.ante.ipsum@gmail.com"},{"nombre":"Simoney","apellido":"Mele","correo":"volutpat.Nulla@diamPellentesque.net"},{"nombre":"Dario","apellido":"Espinoza","correo":"varius.Nam.porttitor@gmail.com"},{"nombre":"Giorgia","apellido":"Gómez","correo":"lectus@congueturpis.edu"},{"nombre":"Katherine","apellido":"Ferri","correo":"In.condimentum.Donec@gmail.com"},{"nombre":"Albert","apellido":"Pellegrini","correo":"nonummy@hotmail.com"},{"nombre":"Alondra","apellido":"Castillo","correo":"Nullam.enim@nonsapienmolestie.com"},{"nombre":"Karla","apellido":"Vargas","correo":"Etiam.laoreet@enimconsequat.org"},{"nombre":"Ilaria","apellido":"Gómez","correo":"arcu.imperdiet.ullamcorper@gmail.com"},{"nombre":"Misael","apellido":"Ferrero","correo":"erat.volutpat@gravidamolestie.edu"},{"nombre":"Luca","apellido":"Fiore","correo":"libero.lacus@hotmail.com"},{"nombre":"Polett","apellido":"Castelli","correo":"elit.erat.vitae@gmail.com"},{"nombre":"Caterina","apellido":"Sanhueza","correo":"torquent@ut.edu"},{"nombre":"Tommy","apellido":"Garofalo","correo":"vel@Morbiquis.edu"},{"nombre":"Farid","apellido":"Pastore","correo":"a.sollicitudin.orci@vestibulumneque.edu"},{"nombre":"Paola","apellido":"Navarro","correo":"conubia@hotmail.com"},{"nombre":"Dario","apellido":"Franco","correo":"sagittis.augue@malesuadafames.com"},{"nombre":"Saray","apellido":"Proietti","correo":"Duis.volutpat.nunc@hotmail.com"},{"nombre":"Gino","apellido":"Muñoz","correo":"euismod@Utsemperpretium.net"},{"nombre":"Maria","apellido":"Montanari","correo":"arcu.Sed.eu@vestibulum.com"},{"nombre":"Eluney","apellido":"Figueroa","correo":"aliquet.magna.a@vulputateullamcorpermagna.edu"},{"nombre":"Erika","apellido":"Vargas","correo":"libero@gmail.com"},{"nombre":"Jerson","apellido":"Fontana","correo":"lobortis.ultrices.Vivamus@Nunccommodoauctor.edu"},{"nombre":"Sarai","apellido":"Díaz","correo":"ac@arcuVestibulum.edu"},{"nombre":"Dieter","apellido":"Pozzi","correo":"Cras@metusInlorem.net"},{"nombre":"Tommaso","apellido":"Bernardi","correo":"Quisque.tincidunt.pede@hotmail.com"},{"nombre":"Elsa","apellido":"Herrera","correo":"Morbi.neque@egestasAliquamfringilla.edu"},{"nombre":"José-Tomás","apellido":"Russo","correo":"montes@hotmail.com"},{"nombre":"Michele","apellido":"San Martín","correo":"diam.eu@risusaultricies.edu"},{"nombre":"Yeiko","apellido":"Toro","correo":"velit.Quisque@Craspellentesque.net"},{"nombre":"Jessica","apellido":"Brambilla","correo":"Sed.auctor.odio@necimperdietnec.net"},{"nombre":"Giulietta","apellido":"Reyes","correo":"id@montes.org"},{"nombre":"Angelo","apellido":"Napolitano","correo":"Integer@gmail.com"},{"nombre":"Paolo","apellido":"Vásquez","correo":"Nunc@tristiquepharetra.edu"},{"nombre":"Katalina","apellido":"Pozzi","correo":"porttitor@idsapienCras.org"},{"nombre":"Michele","apellido":"De Luca","correo":"Praesent.eu.dui@gmail.com"},{"nombre":"Nicoletta","apellido":"Romano","correo":"eleifend.nec.malesuada@gmail.com"},{"nombre":"Jacob","apellido":"Lombardo","correo":"Mauris.vel@arcuvelquam.com"},{"nombre":"Giorgia","apellido":"Silvestri","correo":"ante.ipsum.primis@gmail.com"},{"nombre":"Giselle","apellido":"Antonelli","correo":"lacus@fermentummetusAenean.net"},{"nombre":"Federica","apellido":"Rodríguez","correo":"Vivamus.sit@magna.net"},{"nombre":"Cristofer","apellido":"Sanhueza","correo":"tellus@vitaeeratVivamus.org"},{"nombre":"Lisa","apellido":"Torres","correo":"egestas@gmail.com"},{"nombre":"Enrico","apellido":"Barbieri","correo":"tellus.Suspendisse.sed@convallis.net"},{"nombre":"Deylan","apellido":"Yáñez","correo":"Nullam@eu.com"},{"nombre":"Giacomo","apellido":"Olivares","correo":"semper.egestas@gmail.com"},{"nombre":"Adriano","apellido":"Conte","correo":"Pellentesque.ultricies@Suspendisse.com"},{"nombre":"Michele","apellido":"Lombardo","correo":"turpis.vitae.purus@hotmail.com"},{"nombre":"Erika","apellido":"Ricci","correo":"Lorem.ipsum@a.org"},{"nombre":"Roberta","apellido":"Toro","correo":"tempus.non@ornarelectusante.org"},{"nombre":"Luigi","apellido":"Salazar","correo":"sodales.purus@massaMauris.edu"},{"nombre":"Araceli","apellido":"Ortega","correo":"quam.elementum.at@hotmail.com"},{"nombre":"Elba","apellido":"Sánchez","correo":"Cras.interdum.Nunc@hotmail.com"},{"nombre":"Riccardo","apellido":"Moretti","correo":"a@adipiscinglobortisrisus.org"},{"nombre":"Iker","apellido":"Santoro","correo":"netus@Aeneanmassa.com"},{"nombre":"Joakin","apellido":"Valentini","correo":"magna.malesuada.vel@hotmail.com"},{"nombre":"Chiara","apellido":"Romero","correo":"at@gmail.com"},{"nombre":"Erika","apellido":"Costa","correo":"elit.Etiam.laoreet@estacmattis.net"},{"nombre":"Beatrice","apellido":"Ferretti","correo":"Sed@Phasellusat.org"},{"nombre":"Beatrice","apellido":"Carrasco","correo":"consectetuer@hotmail.com"},{"nombre":"Cristian","apellido":"Giuliani","correo":"ipsum@hotmail.com"}]